Symbol,Quantity,Sell Price,Average Buy Price,Profit/Loss,Timestamp
AAPL,103,150.00,153.73,-384.03,2025-05-27T21:55:30
AAPL,10,150.00,140.00,100.00,2024-04-01T15:30:00
AAPL,1,157.50,152.24,5.26,2024-11-07T21:37:03
AAPL,1,155.30,152.24,3.06,2024-11-07T21:37:03
AAPL,1,155.30,152.24,3.06,2024-11-07T21:37:03
AAPL,1,150.60,146.34,4.26,2024-11-02T17:17:51
AAPL,1,153.50,152.24,1.26,2024-11-07T21:37:03
AAPL,1,132.50,146.34,-13.84,2024-11-02T17:17:51
AAPL,1,150.20,152.24,-2.04,2024-11-07T21:37:03
AAPL,1,136.80,146.34,-9.54,2024-11-02T17:17:51
AAPL,1,153.90,152.24,1.66,2024-11-07T21:37:03
AAPL,1,130.70,146.34,-15.64,2024-11-02T17:17:51
AAPL,1,158.60,152.24,6.36,2024-11-07T21:37:03
AAPL,1,132.70,146.34,-13.64,2024-11-02T17:17:51
AAPL,1,156.00,152.24,3.76,2024-11-07T21:37:03
AAPL,1,133.40,146.34,-12.94,2024-11-02T17:17:51
AAPL,1,152.60,152.24,0.36,2024-11-07T21:37:03
AAPL,1,131.30,146.34,-15.04,2024-11-02T17:17:51
AAPL,100,124.46,149.69,-2523.40,2025-03-23T23:08:16
AAPL,1,114.60,149.82,-35.22,2025-03-23T23:07:39
AAPL,1,152.40,152.24,0.16,2024-11-07T21:37:03
AAPL,1,148.00,152.25,-4.25,2024-11-07T21:37:03
AAPL,1,156.30,149.82,6.48,2025-03-23T23:07:39
AAPL,1,151.50,152.18,-0.68,2024-11-02T23:29:41
AAPL,100,165.91,149.57,1633.89,2025-03-23T23:08:02
AAPL,1,124.00,146.30,-22.30,2024-11-02T17:40:22
AAPL,100,181.70,153.82,2788.08,2025-03-25T20:56:55
AAPL,100,187.10,146.27,4082.50,2024-11-02T17:40:36
AAPL,100,224.10,146.27,7782.50,2024-11-02T17:40:36
AAPL,100,173.50,151.26,2223.63,2024-11-02T17:41:01
AAPL,100,167.75,151.74,1600.68,2024-11-02T17:41:01
AAPL,1,139.70,149.83,-10.12,2025-03-23T23:07:39
AAPL,1,136.50,146.30,-9.80,2024-11-02T17:40:22
AAPL,1,87.30,149.81,-62.51,2025-03-23T23:07:39
AAPL,1,184.40,152.21,32.19,2024-11-02T23:29:41
AAPL,100,163.71,149.69,1402.25,2025-03-23T23:08:02
AAPL,1,80.00,146.32,-66.32,2024-11-02T17:17:51
AAPL,100,156.99,151.44,555.02,2025-03-23T23:08:33
AAPL,1,135.60,146.34,-10.74,2024-11-02T17:17:51
AAPL,1,155.00,152.25,2.75,2024-11-07T21:37:03
AAPL,1,131.70,146.30,-14.60,2024-11-02T17:40:22
AAPL,100,207.10,146.27,6082.50,2024-11-02T17:40:36
AAPL,1,103.00,146.33,-43.33,2024-11-02T17:17:51
AAPL,100,154.20,146.66,753.70,2024-11-02T17:40:50
AAPL,100,173.80,148.49,2531.11,2024-11-02T17:40:50
AAPL,1,97.80,146.32,-48.52,2024-11-02T17:17:51
AAPL,100,155.50,149.80,569.81,2025-02-25T23:07:53
AAPL,1,128.00,146.30,-18.30,2024-11-02T17:40:22
AAPL,1,152.50,149.82,2.68,2025-03-23T23:07:39
AAPL,1,155.80,152.17,3.63,2024-11-02T23:29:41
AAPL,1,115.40,149.83,-34.42,2025-03-23T23:07:39
AAPL,1,83.00,146.32,-63.32,2024-11-02T17:17:51
AAPL,1,108.30,149.81,-41.51,2025-03-23T23:07:39
AAPL,1,197.40,152.20,45.20,2024-11-02T23:29:41
AAPL,100,148.21,149.57,-136.11,2025-03-23T23:08:02
AAPL,1,130.60,146.30,-15.70,2024-11-02T17:40:22
AAPL,100,170.11,149.70,2041.49,2025-03-23T23:08:02
AAPL,1,156.10,152.23,3.87,2024-11-07T21:37:03
AAPL,100,132.96,149.70,-1674.44,2025-03-23T23:08:16
AAPL,1,105.80,146.33,-40.53,2024-11-02T17:17:51
AAPL,100,143.29,151.45,-816.61,2025-03-23T23:08:33
AAPL,1,150.20,152.24,-2.04,2024-11-07T21:37:03
AAPL,100,153.19,151.50,168.22,2025-03-23T23:08:33
AAPL,1,127.90,146.29,-18.39,2024-11-02T17:40:22
AAPL,1,159.80,152.24,7.56,2024-11-07T21:37:03
AAPL,1,109.80,146.29,-36.49,2024-11-02T17:40:22
AAPL,1,140.50,152.25,-11.75,2024-11-07T21:37:03
AAPL,100,144.09,151.32,-723.87,2025-03-23T23:08:33
AAPL,100,186.10,146.27,3982.50,2024-11-02T17:40:36
AAPL,1,94.70,146.33,-51.63,2024-11-02T17:17:51
AAPL,100,213.80,146.27,6752.50,2024-11-02T17:40:36
AAPL,1,159.30,152.24,7.06,2024-11-07T21:37:03
AAPL,100,156.10,146.66,943.70,2024-11-02T17:40:50
AAPL,1,101.50,146.33,-44.83,2024-11-02T17:17:51
AAPL,100,142.20,146.66,-446.30,2024-11-02T17:40:50
AAPL,100,142.30,146.66,-436.30,2024-11-02T17:40:50
AAPL,1,107.60,146.32,-38.72,2024-11-02T17:17:51
AAPL,100,175.80,148.64,2715.92,2024-11-02T17:40:50
AAPL,1,152.50,152.24,0.26,2024-11-07T21:37:03
AAPL,100,167.95,151.26,1668.63,2024-11-02T17:41:01
AAPL,100,164.80,151.26,1353.63,2024-11-02T17:41:01
AAPL,1,150.70,149.82,0.88,2025-03-23T23:07:39
AAPL,1,85.50,146.32,-60.82,2024-11-02T17:17:51
AAPL,1,142.90,149.82,-6.92,2025-03-23T23:07:39
AAPL,1,154.10,152.17,1.93,2024-11-02T23:29:41
AAPL,1,148.20,149.83,-1.62,2025-03-23T23:07:39
AAPL,1,133.10,146.30,-13.20,2024-11-02T17:40:22
AAPL,1,124.50,149.83,-25.32,2025-03-23T23:07:39
AAPL,1,154.40,152.18,2.22,2024-11-02T23:29:41
AAPL,1,131.20,149.83,-18.62,2025-03-23T23:07:39
AAPL,1,119.80,146.34,-26.54,2024-11-02T17:17:51
AAPL,1,120.40,149.82,-29.42,2025-03-23T23:07:39
AAPL,1,183.30,152.19,31.11,2024-11-02T23:29:41
AAPL,1,96.10,149.81,-53.71,2025-03-23T23:07:39
AAPL,1,132.40,146.30,-13.90,2024-11-02T17:40:22
AAPL,1,74.10,149.81,-75.71,2025-03-23T23:07:39
AAPL,1,185.30,152.21,33.09,2024-11-02T23:29:41
AAPL,100,157.11,149.57,753.89,2025-03-23T23:08:02
AAPL,1,72.90,146.32,-73.42,2024-11-02T17:17:51
AAPL,100,155.41,149.70,571.49,2025-03-23T23:08:02
AAPL,1,194.20,152.23,41.97,2024-11-02T23:29:41
AAPL,100,156.61,149.69,692.25,2025-03-23T23:08:02
AAPL,1,127.80,146.30,-18.50,2024-11-02T17:40:22
AAPL,100,148.86,149.70,-84.44,2025-03-23T23:08:16
AAPL,1,153.40,152.24,1.16,2024-11-07T21:37:03
AAPL,100,127.26,149.69,-2243.40,2025-03-23T23:08:16
AAPL,1,139.10,146.34,-7.24,2024-11-02T17:17:51
AAPL,100,184.96,151.45,3350.65,2025-03-23T23:08:16
AAPL,1,149.40,152.24,-2.84,2024-11-07T21:37:03
AAPL,100,145.89,151.32,-543.87,2025-03-23T23:08:33
AAPL,1,123.30,146.30,-23.00,2024-11-02T17:40:22
AAPL,100,149.49,151.45,-196.20,2025-03-23T23:08:33
AAPL,1,160.20,152.24,7.96,2024-11-07T21:37:03
AAPL,100,185.50,152.97,3253.29,2025-03-25T20:56:55
AAPL,1,117.60,146.34,-28.74,2024-11-02T17:17:51
AAPL,1,129.40,146.34,-16.94,2024-11-02T17:17:51
AAPL,1,116.80,146.29,-29.49,2024-11-02T17:40:22
AAPL,1,152.70,152.25,0.45,2024-11-07T21:37:03
AAPL,1,132.10,146.30,-14.20,2024-11-02T17:40:22
AAPL,1,145.80,152.25,-6.45,2024-11-07T21:37:03
AAPL,100,168.40,146.29,2210.75,2024-11-02T17:40:36
AAPL,1,142.80,152.25,-9.45,2024-11-07T21:37:03
AAPL,1,101.60,146.33,-44.73,2024-11-02T17:17:51
AAPL,100,189.90,146.27,4362.50,2024-11-02T17:40:36
AAPL,1,98.90,146.33,-47.43,2024-11-02T17:17:51
AAPL,100,195.20,146.27,4892.50,2024-11-02T17:40:36
AAPL,1,149.40,152.24,-2.84,2024-11-07T21:37:03
AAPL,100,209.30,146.27,6302.50,2024-11-02T17:40:36
AAPL,1,99.40,146.33,-46.93,2024-11-02T17:17:51
AAPL,100,221.60,146.27,7532.50,2024-11-02T17:40:36
AAPL,100,123.56,149.69,-2613.40,2025-03-23T23:08:16
AAPL,100,153.30,146.66,663.70,2024-11-02T17:40:50
AAPL,1,100.20,146.33,-46.13,2024-11-02T17:17:51
AAPL,100,152.20,146.66,553.70,2024-11-02T17:40:50
AAPL,1,149.00,152.24,-3.24,2024-11-07T21:37:03
AAPL,100,146.20,146.66,-46.30,2024-11-02T17:40:50
AAPL,1,99.10,146.33,-47.23,2024-11-02T17:17:51
AAPL,100,136.30,146.66,-1036.30,2024-11-02T17:40:50
AAPL,100,139.60,146.66,-706.30,2024-11-02T17:40:50
AAPL,23,152.52,153.82,-29.87,2025-05-06T17:43:52
AAPL,100,178.00,148.49,2951.11,2024-11-02T17:40:50
AAPL,100,146.08,146.34,-26.11,2024-11-02T17:11:18
AAPL,100,178.20,148.49,2971.11,2024-11-02T17:40:50
AAPL,1,102.40,146.32,-43.92,2024-11-02T17:17:51
AAPL,100,175.80,148.64,2715.92,2024-11-02T17:40:50
AAPL,100,153.59,151.45,213.80,2025-03-23T23:08:33
AAPL,100,169.60,151.26,1833.63,2024-11-02T17:41:01
AAPL,1,95.40,146.32,-50.92,2024-11-02T17:17:51
AAPL,100,167.65,151.26,1638.63,2024-11-02T17:41:01
AAPL,1,129.30,146.30,-17.00,2024-11-02T17:40:22
AAPL,100,180.50,149.80,3069.77,2025-03-23T22:54:44
AAPL,100,170.55,151.70,1884.96,2024-11-02T17:41:01
AAPL,1,151.00,149.82,1.18,2025-03-23T23:07:39
AAPL,1,117.30,146.34,-29.04,2024-11-02T17:17:51
AAPL,1,154.70,149.82,4.88,2025-03-23T23:07:39
AAPL,100,167.90,151.91,1599.43,2024-11-02T17:41:01
AAPL,1,143.50,149.82,-6.32,2025-03-23T23:07:39
AAPL,1,128.20,146.30,-18.10,2024-11-02T17:40:22
AAPL,1,145.30,149.82,-4.52,2025-03-23T23:07:39
AAPL,1,151.50,152.17,-0.67,2024-11-02T23:29:41
AAPL,1,146.20,149.83,-3.62,2025-03-23T23:07:39
AAPL,1,79.10,146.32,-67.22,2024-11-02T17:17:51
AAPL,1,138.80,149.83,-11.02,2025-03-23T23:07:39
AAPL,1,157.70,152.18,5.52,2024-11-02T23:29:41
AAPL,1,117.50,149.83,-32.32,2025-03-23T23:07:39
AAPL,1,134.90,146.30,-11.40,2024-11-02T17:40:22
AAPL,1,123.70,149.83,-26.12,2025-03-23T23:07:39
AAPL,1,148.50,152.18,-3.68,2024-11-02T23:29:41
AAPL,1,109.10,149.82,-40.72,2025-03-23T23:07:39
AAPL,1,125.90,146.34,-20.44,2024-11-02T17:17:51
AAPL,1,114.60,149.82,-35.22,2025-03-23T23:07:39
AAPL,1,155.50,152.18,3.32,2024-11-02T23:29:41
AAPL,1,107.80,149.81,-42.01,2025-03-23T23:07:39
AAPL,1,141.20,146.30,-5.10,2024-11-02T17:40:22
AAPL,1,100.00,149.81,-49.81,2025-03-23T23:07:39
AAPL,1,185.30,152.19,33.11,2024-11-02T23:29:41
AAPL,1,88.70,149.81,-61.11,2025-03-23T23:07:39
AAPL,1,76.90,146.32,-69.42,2024-11-02T17:17:51
AAPL,1,80.90,149.81,-68.91,2025-03-23T23:07:39
AAPL,1,198.20,152.21,45.99,2024-11-02T23:29:41
AAPL,100,142.91,149.57,-666.11,2025-03-23T23:08:02
AAPL,1,132.40,146.30,-13.90,2024-11-02T17:40:22
AAPL,100,148.91,149.57,-66.11,2025-03-23T23:08:02
AAPL,1,182.70,152.21,30.49,2024-11-02T23:29:41
AAPL,100,161.81,149.57,1223.89,2025-03-23T23:08:02
AAPL,1,110.50,146.33,-35.83,2024-11-02T17:17:51
AAPL,100,168.71,149.57,1913.89,2025-03-23T23:08:02
AAPL,1,192.50,152.21,40.29,2024-11-02T23:29:41
AAPL,100,162.41,149.70,1271.49,2025-03-23T23:08:02
AAPL,1,128.10,146.30,-18.20,2024-11-02T17:40:22
AAPL,100,155.01,149.69,532.25,2025-03-23T23:08:02
AAPL,1,201.50,152.23,49.27,2024-11-02T23:29:41
AAPL,100,162.41,149.69,1272.25,2025-03-23T23:08:02
AAPL,1,73.00,146.32,-73.32,2024-11-02T17:17:51
AAPL,100,166.11,149.69,1642.25,2025-03-23T23:08:02
AAPL,1,151.60,152.24,-0.64,2024-11-07T21:37:03
AAPL,100,141.36,149.70,-834.44,2025-03-23T23:08:16
AAPL,1,128.10,146.30,-18.20,2024-11-02T17:40:22
AAPL,100,139.76,149.70,-994.44,2025-03-23T23:08:16
AAPL,1,161.10,152.24,8.86,2024-11-07T21:37:03
AAPL,100,123.66,149.69,-2603.40,2025-03-23T23:08:16
AAPL,1,123.70,146.30,-22.60,2024-11-02T17:40:22
AAPL,100,190.26,151.45,3880.65,2025-03-23T23:08:16
AAPL,1,150.20,152.24,-2.04,2024-11-07T21:37:03
AAPL,100,147.34,151.45,-411.61,2025-03-23T23:08:33
AAPL,1,129.60,146.30,-16.70,2024-11-02T17:40:22
AAPL,100,138.34,151.44,-1310.52,2025-03-23T23:08:33
AAPL,1,155.00,152.24,2.76,2024-11-07T21:37:03
AAPL,100,149.99,151.32,-133.56,2025-03-23T23:08:33
AAPL,1,63.90,146.31,-82.41,2024-11-02T17:17:51
AAPL,100,154.94,151.45,348.80,2025-03-23T23:08:33
AAPL,1,155.60,152.24,3.36,2024-11-07T21:37:03
AAPL,100,146.04,151.45,-541.22,2025-03-23T23:08:33
AAPL,1,130.70,146.30,-15.60,2024-11-02T17:40:22
AAPL,100,155.50,151.60,390.27,2025-03-23T23:09:07
AAPL,1,163.20,152.24,10.96,2024-11-07T21:37:03
AAPL,100,180.20,152.97,2723.29,2025-03-25T20:56:55
AAPL,1,136.90,146.34,-9.44,2024-11-02T17:17:51
AAPL,100,188.00,153.82,3418.08,2025-03-25T20:56:55
AAPL,1,120.90,146.29,-25.39,2024-11-02T17:40:22
AAPL,1,157.30,152.24,5.06,2024-11-07T21:37:03
AAPL,1,136.30,146.30,-10.00,2024-11-02T17:40:22
AAPL,1,153.90,152.25,1.65,2024-11-07T21:37:03
AAPL,1,113.30,146.29,-32.99,2024-11-02T17:40:22
AAPL,1,155.90,152.25,3.65,2024-11-07T21:37:03
AAPL,1,97.90,146.33,-48.43,2024-11-02T17:17:51
AAPL,1,148.40,152.25,-3.85,2024-11-07T21:37:03
AAPL,100,165.50,146.29,1920.75,2024-11-02T17:40:36
AAPL,1,144.80,152.25,-7.45,2024-11-07T21:37:03
AAPL,1,135.40,146.30,-10.90,2024-11-02T17:40:22
AAPL,1,146.80,152.25,-5.45,2024-11-07T21:37:03
AAPL,100,179.00,146.27,3272.50,2024-11-02T17:40:36
AAPL,1,140.10,152.25,-12.15,2024-11-07T21:37:03
AAPL,100,125.86,149.69,-2383.40,2025-03-23T23:08:16
AAPL,1,145.70,152.25,-6.55,2024-11-07T21:37:03
AAPL,1,100.60,146.33,-45.73,2024-11-02T17:17:51
AAPL,100,188.30,146.27,4202.50,2024-11-02T17:40:36
AAPL,1,152.60,152.24,0.36,2024-11-07T21:37:03
AAPL,100,192.90,146.27,4662.50,2024-11-02T17:40:36
AAPL,100,137.94,151.44,-1350.52,2025-03-23T23:08:33
AAPL,100,205.60,146.27,5932.50,2024-11-02T17:40:36
AAPL,100,180.66,151.45,2920.65,2025-03-23T23:08:16
AAPL,100,207.40,146.27,6112.50,2024-11-02T17:40:36
AAPL,100,146.49,151.45,-496.61,2025-03-23T23:08:33
AAPL,100,212.10,146.27,6582.50,2024-11-02T17:40:36
AAPL,1,152.50,152.24,0.26,2024-11-07T21:37:03
AAPL,100,210.70,146.27,6442.50,2024-11-02T17:40:36
AAPL,100,185.46,151.45,3400.65,2025-03-23T23:08:16
AAPL,100,225.90,146.27,7962.50,2024-11-02T17:40:36
AAPL,1,104.80,146.33,-41.53,2024-11-02T17:17:51
AAPL,100,154.70,146.66,803.70,2024-11-02T17:40:50
AAPL,100,125.46,149.69,-2423.40,2025-03-23T23:08:16
AAPL,100,153.20,146.66,653.70,2024-11-02T17:40:50
AAPL,1,161.00,152.24,8.76,2024-11-07T21:37:03
AAPL,100,152.80,146.66,613.70,2024-11-02T17:40:50
AAPL,100,137.06,149.70,-1264.44,2025-03-23T23:08:16
AAPL,100,157.90,146.66,1123.70,2024-11-02T17:40:50
AAPL,100,145.76,149.70,-394.44,2025-03-23T23:08:16
AAPL,100,150.20,146.66,353.70,2024-11-02T17:40:50
AAPL,100,140.46,149.70,-924.44,2025-03-23T23:08:16
AAPL,100,143.00,146.66,-366.30,2024-11-02T17:40:50
AAPL,1,154.00,152.24,1.76,2024-11-07T21:37:03
AAPL,100,137.80,146.66,-886.30,2024-11-02T17:40:50
AAPL,100,167.11,149.69,1742.25,2025-03-23T23:08:02
AAPL,100,135.10,146.66,-1156.30,2024-11-02T17:40:50
AAPL,100,135.10,146.66,-1156.30,2024-11-02T17:40:50
AAPL,1,134.80,146.34,-11.54,2024-11-02T17:17:51
AAPL,100,143.80,146.66,-286.30,2024-11-02T17:40:50
AAPL,1,128.50,146.34,-17.84,2024-11-02T17:17:51
AAPL,100,141.70,146.66,-496.30,2024-11-02T17:40:50
AAPL,100,186.50,153.82,3268.08,2025-03-25T20:56:55
AAPL,100,174.20,148.49,2571.11,2024-11-02T17:40:50
AAPL,100,180.50,151.60,2890.27,2025-03-23T23:09:07
AAPL,100,178.30,148.49,2981.11,2024-11-02T17:40:50
AAPL,100,184.40,152.97,3143.29,2025-03-25T20:56:55
AAPL,100,179.80,148.49,3131.11,2024-11-02T17:40:50
AAPL,1,161.30,152.24,9.06,2024-11-07T21:37:03
AAPL,100,176.00,148.64,2735.92,2024-11-02T17:40:50
AAPL,100,152.49,151.50,98.22,2025-03-23T23:08:33
AAPL,100,170.35,151.11,1923.52,2024-11-02T17:41:01
AAPL,1,153.40,152.24,1.16,2024-11-07T21:37:03
AAPL,100,171.20,151.26,1993.63,2024-11-02T17:41:01
AAPL,100,147.84,151.45,-361.20,2025-03-23T23:08:33
AAPL,100,168.30,151.26,1703.63,2024-11-02T17:41:01
AAPL,1,149.60,152.24,-2.64,2024-11-07T21:37:03
AAPL,100,167.85,151.26,1658.63,2024-11-02T17:41:01
AAPL,100,156.59,151.44,515.02,2025-03-23T23:08:33
AAPL,100,155.50,149.80,569.81,2025-02-19T22:32:36
AAPL,1,89.30,146.32,-57.02,2024-11-02T17:17:51
AAPL,90,150.00,149.80,17.80,2025-03-23T22:48:15
AAPL,100,165.55,151.38,1417.15,2024-11-02T17:41:01
AAPL,1,151.50,149.82,1.68,2025-03-23T23:07:39
AAPL,1,129.30,146.30,-17.00,2024-11-02T17:40:22
AAPL,1,146.40,149.82,-3.42,2025-03-23T23:07:39
AAPL,100,168.85,151.70,1714.96,2024-11-02T17:41:01
AAPL,1,155.60,149.82,5.78,2025-03-23T23:07:39
AAPL,1,125.20,146.34,-21.14,2024-11-02T17:17:51
AAPL,1,155.20,149.82,5.38,2025-03-23T23:07:39
AAPL,100,166.45,151.74,1470.68,2024-11-02T17:41:01
AAPL,1,161.20,149.82,11.38,2025-03-23T23:07:39
AAPL,1,125.90,146.30,-20.40,2024-11-02T17:40:22
AAPL,1,143.40,149.82,-6.42,2025-03-23T23:07:39
AAPL,100,171.80,152.17,1962.91,2024-11-02T17:41:01
AAPL,1,150.00,149.82,0.18,2025-03-23T23:07:39
AAPL,1,82.90,146.32,-63.42,2024-11-02T17:17:51
AAPL,1,146.50,149.82,-3.32,2025-03-23T23:07:39
AAPL,1,151.80,152.17,-0.37,2024-11-02T23:29:41
AAPL,1,145.20,149.82,-4.62,2025-03-23T23:07:39
AAPL,1,131.70,146.30,-14.60,2024-11-02T17:40:22
AAPL,1,152.20,149.83,2.38,2025-03-23T23:07:39
AAPL,1,158.00,152.17,5.83,2024-11-02T23:29:41
AAPL,1,143.80,149.83,-6.02,2025-03-23T23:07:39
AAPL,1,117.10,146.34,-29.24,2024-11-02T17:17:51
AAPL,1,140.50,149.83,-9.32,2025-03-23T23:07:39
AAPL,1,167.40,152.17,15.23,2024-11-02T23:29:41
AAPL,1,129.40,149.83,-20.42,2025-03-23T23:07:39
AAPL,1,138.80,146.30,-7.50,2024-11-02T17:40:22
AAPL,1,123.80,149.83,-26.02,2025-03-23T23:07:39
AAPL,1,160.20,152.18,8.02,2024-11-02T23:29:41
AAPL,1,115.70,149.83,-34.12,2025-03-23T23:07:39
AAPL,1,78.80,146.32,-67.52,2024-11-02T17:17:51
AAPL,1,117.40,149.83,-32.42,2025-03-23T23:07:39
AAPL,1,151.00,152.18,-1.18,2024-11-02T23:29:41
AAPL,1,126.10,149.83,-23.72,2025-03-23T23:07:39
AAPL,1,133.30,146.30,-13.00,2024-11-02T17:40:22
AAPL,1,124.50,149.83,-25.32,2025-03-23T23:07:39
AAPL,1,146.30,152.18,-5.88,2024-11-02T23:29:41
AAPL,1,110.30,149.82,-39.52,2025-03-23T23:07:39
AAPL,1,124.70,146.34,-21.64,2024-11-02T17:17:51
AAPL,1,113.80,149.82,-36.02,2025-03-23T23:07:39
AAPL,1,152.40,152.18,0.22,2024-11-02T23:29:41
AAPL,1,116.70,149.82,-33.12,2025-03-23T23:07:39
AAPL,1,141.20,146.30,-5.10,2024-11-02T17:40:22
AAPL,1,117.50,149.81,-32.31,2025-03-23T23:07:39
AAPL,1,159.20,152.18,7.02,2024-11-02T23:29:41
AAPL,1,107.80,149.81,-42.01,2025-03-23T23:07:39
AAPL,1,80.90,146.32,-65.42,2024-11-02T17:17:51
AAPL,1,103.30,149.81,-46.51,2025-03-23T23:07:39
AAPL,1,179.80,152.19,27.61,2024-11-02T23:29:41
AAPL,1,99.30,149.81,-50.51,2025-03-23T23:07:39
AAPL,1,132.60,146.30,-13.70,2024-11-02T17:40:22
AAPL,1,91.30,149.81,-58.51,2025-03-23T23:07:39
AAPL,1,186.50,152.19,34.31,2024-11-02T23:29:41
AAPL,1,89.70,149.81,-60.11,2025-03-23T23:07:39
AAPL,1,119.60,146.34,-26.74,2024-11-02T17:17:51
AAPL,1,88.80,149.81,-61.01,2025-03-23T23:07:39
AAPL,1,197.40,152.21,45.19,2024-11-02T23:29:41
AAPL,1,78.20,149.81,-71.61,2025-03-23T23:07:39
AAPL,1,138.40,146.30,-7.90,2024-11-02T17:40:22
AAPL,1,74.90,149.81,-74.91,2025-03-23T23:07:39
AAPL,1,191.30,152.21,39.09,2024-11-02T23:29:41
AAPL,100,143.01,149.57,-656.11,2025-03-23T23:08:02
AAPL,1,72.90,146.32,-73.42,2024-11-02T17:17:51
AAPL,100,145.91,149.57,-366.11,2025-03-23T23:08:02
AAPL,1,187.60,152.21,35.39,2024-11-02T23:29:41
AAPL,100,149.51,149.57,-6.11,2025-03-23T23:08:02
AAPL,1,130.70,146.30,-15.60,2024-11-02T17:40:22
AAPL,100,160.71,149.57,1113.89,2025-03-23T23:08:02
AAPL,1,185.20,152.21,32.99,2024-11-02T23:29:41
AAPL,100,160.71,149.57,1113.89,2025-03-23T23:08:02
AAPL,1,132.00,146.34,-14.34,2024-11-02T17:17:51
AAPL,100,167.41,149.57,1783.89,2025-03-23T23:08:02
AAPL,1,187.00,152.21,34.79,2024-11-02T23:29:41
AAPL,100,176.61,149.57,2703.89,2025-03-23T23:08:02
AAPL,1,129.90,146.30,-16.40,2024-11-02T17:40:22
AAPL,100,157.81,149.70,811.49,2025-03-23T23:08:02
AAPL,1,194.90,152.21,42.69,2024-11-02T23:29:41
AAPL,100,165.71,149.70,1601.49,2025-03-23T23:08:02
AAPL,1,73.30,146.32,-73.02,2024-11-02T17:17:51
AAPL,100,173.01,149.70,2331.49,2025-03-23T23:08:02
AAPL,1,196.60,152.23,44.37,2024-11-02T23:29:41
AAPL,100,159.51,149.69,982.25,2025-03-23T23:08:02
AAPL,1,128.30,146.30,-18.00,2024-11-02T17:40:22
AAPL,100,160.81,149.69,1112.25,2025-03-23T23:08:02
AAPL,1,198.70,152.23,46.47,2024-11-02T23:29:41
AAPL,100,162.51,149.69,1282.25,2025-03-23T23:08:02
AAPL,1,109.80,146.33,-36.53,2024-11-02T17:17:51
AAPL,100,167.31,149.69,1762.25,2025-03-23T23:08:02
AAPL,1,154.20,152.23,1.97,2024-11-07T21:37:03
AAPL,100,151.86,149.70,215.56,2025-03-23T23:08:16
AAPL,1,124.40,146.30,-21.90,2024-11-02T17:40:22
AAPL,100,143.06,149.70,-664.44,2025-03-23T23:08:16
AAPL,1,147.30,152.24,-4.94,2024-11-07T21:37:03
AAPL,100,136.26,149.70,-1344.44,2025-03-23T23:08:16
AAPL,1,72.00,146.32,-74.32,2024-11-02T17:17:51
AAPL,100,135.16,149.70,-1454.44,2025-03-23T23:08:16
AAPL,1,157.10,152.24,4.86,2024-11-07T21:37:03
AAPL,100,135.96,149.69,-1373.40,2025-03-23T23:08:16
AAPL,1,124.10,146.30,-22.20,2024-11-02T17:40:22
AAPL,100,119.26,149.69,-3043.40,2025-03-23T23:08:16
AAPL,1,162.80,152.24,10.56,2024-11-07T21:37:03
AAPL,100,122.66,149.69,-2703.40,2025-03-23T23:08:16
AAPL,100,160.41,149.69,1072.25,2025-03-23T23:08:02
AAPL,100,189.56,151.45,3810.65,2025-03-23T23:08:16
AAPL,1,153.40,152.24,1.16,2024-11-07T21:37:03
AAPL,100,186.96,151.45,3550.65,2025-03-23T23:08:16
AAPL,1,129.20,146.30,-17.10,2024-11-02T17:40:22
AAPL,100,181.46,151.45,3000.65,2025-03-23T23:08:16
AAPL,1,152.10,152.24,-0.14,2024-11-07T21:37:03
AAPL,100,145.34,151.45,-611.61,2025-03-23T23:08:33
AAPL,1,73.10,146.31,-73.21,2024-11-02T17:17:51
AAPL,100,142.94,151.44,-850.52,2025-03-23T23:08:33
AAPL,1,152.20,152.24,-0.04,2024-11-07T21:37:03
AAPL,100,136.74,151.44,-1470.52,2025-03-23T23:08:33
AAPL,1,122.80,146.30,-23.50,2024-11-02T17:40:22
AAPL,100,142.54,151.32,-878.87,2025-03-23T23:08:33
AAPL,1,154.60,152.24,2.36,2024-11-07T21:37:03
AAPL,100,160.59,151.44,915.02,2025-03-23T23:08:33
AAPL,1,105.10,146.33,-41.23,2024-11-02T17:17:51
AAPL,100,155.54,151.44,410.02,2025-03-23T23:08:33
AAPL,1,152.50,152.24,0.26,2024-11-07T21:37:03
AAPL,100,152.64,151.45,118.80,2025-03-23T23:08:33
AAPL,1,125.30,146.30,-21.00,2024-11-02T17:40:22
AAPL,100,146.99,151.45,-446.20,2025-03-23T23:08:33
AAPL,1,155.90,152.24,3.66,2024-11-07T21:37:03
AAPL,100,150.84,151.46,-62.30,2025-03-23T23:08:33
AAPL,1,72.60,146.31,-73.71,2024-11-02T17:17:51
AAPL,100,156.59,151.55,503.10,2025-03-23T23:08:33
AAPL,1,164.30,152.24,12.06,2024-11-07T21:37:03
AAPL,100,188.50,152.97,3553.29,2025-03-25T20:56:55
AAPL,1,127.00,146.30,-19.30,2024-11-02T17:40:22
AAPL,100,189.30,152.97,3633.29,2025-03-25T20:56:55
AAPL,1,137.50,146.34,-8.84,2024-11-02T17:17:51
AAPL,100,182.10,153.82,2828.08,2025-03-25T20:56:55
AAPL,100,161.61,149.69,1192.25,2025-03-23T23:08:02
AAPL,100,190.20,153.82,3638.08,2025-03-25T20:56:55
AAPL,1,131.50,146.34,-14.84,2024-11-02T17:17:51
AAPL,1,133.10,146.34,-13.24,2024-11-02T17:17:51
AAPL,1,125.00,146.34,-21.34,2024-11-02T17:17:51
AAPL,1,70.20,146.31,-76.11,2024-11-02T17:17:51
AAPL,1,118.80,146.29,-27.49,2024-11-02T17:40:22
AAPL,1,156.50,152.24,4.26,2024-11-07T21:37:03
AAPL,1,102.90,146.33,-43.43,2024-11-02T17:17:51
AAPL,1,153.50,152.25,1.25,2024-11-07T21:37:03
AAPL,1,113.70,146.29,-32.59,2024-11-02T17:40:22
AAPL,1,157.60,152.25,5.35,2024-11-07T21:37:03
AAPL,1,134.20,146.30,-12.10,2024-11-02T17:40:22
AAPL,1,154.50,152.25,2.25,2024-11-07T21:37:03
AAPL,1,112.40,146.29,-33.89,2024-11-02T17:40:22
AAPL,1,152.30,152.25,0.05,2024-11-07T21:37:03
AAPL,1,118.10,146.34,-28.24,2024-11-02T17:17:51
AAPL,1,153.20,152.25,0.95,2024-11-07T21:37:03
AAPL,1,108.50,146.29,-37.79,2024-11-02T17:40:22
AAPL,1,150.80,152.25,-1.45,2024-11-07T21:37:03
AAPL,1,136.40,146.30,-9.90,2024-11-02T17:40:22
AAPL,1,142.90,152.25,-9.35,2024-11-07T21:37:03
AAPL,100,169.90,146.29,2360.75,2024-11-02T17:40:36
AAPL,1,144.80,152.25,-7.45,2024-11-07T21:37:03
AAPL,1,100.80,146.33,-45.53,2024-11-02T17:17:51
AAPL,1,145.00,152.25,-7.25,2024-11-07T21:37:03
AAPL,100,175.80,146.27,2952.50,2024-11-02T17:40:36
AAPL,1,143.10,152.25,-9.15,2024-11-07T21:37:03
AAPL,1,131.90,146.30,-14.40,2024-11-02T17:40:22
AAPL,1,139.00,152.25,-13.25,2024-11-07T21:37:03
AAPL,100,182.90,146.27,3662.50,2024-11-02T17:40:36
AAPL,1,143.80,152.25,-8.45,2024-11-07T21:37:03
AAPL,1,154.70,152.23,2.47,2024-11-07T21:37:03
AAPL,1,149.60,152.25,-2.65,2024-11-07T21:37:03
AAPL,100,186.30,146.27,4002.50,2024-11-02T17:40:36
AAPL,100,166.40,152.26,1413.78,2025-01-07T20:04:59
AAPL,1,129.10,146.34,-17.24,2024-11-02T17:17:51
AAPL,1,135.10,146.30,-11.20,2024-11-02T17:40:22
AAPL,1,127.20,146.34,-19.14,2024-11-02T17:17:51
AAPL,1,121.70,146.34,-24.64,2024-11-02T17:17:51
AAPL,100,142.39,151.45,-906.61,2025-03-23T23:08:33
AAPL,1,134.30,146.30,-12.00,2024-11-02T17:40:22
AAPL,100,136.19,151.44,-1525.52,2025-03-23T23:08:33
AAPL,1,68.30,146.31,-78.01,2024-11-02T17:17:51
AAPL,1,153.60,152.24,1.36,2024-11-07T21:37:03
AAPL,1,131.10,146.30,-15.20,2024-11-02T17:40:22
AAPL,100,140.44,151.44,-1100.52,2025-03-23T23:08:33
AAPL,1,126.30,146.30,-20.00,2024-11-02T17:40:22
AAPL,1,128.20,146.34,-18.14,2024-11-02T17:17:51
AAPL,1,128.20,146.30,-18.10,2024-11-02T17:40:22
AAPL,100,144.09,151.45,-736.61,2025-03-23T23:08:33
AAPL,1,121.90,146.34,-24.44,2024-11-02T17:17:51
AAPL,1,152.00,152.24,-0.24,2024-11-07T21:37:03
AAPL,1,125.80,146.30,-20.50,2024-11-02T17:40:22
AAPL,100,149.39,151.45,-206.61,2025-03-23T23:08:33
AAPL,1,128.00,146.30,-18.30,2024-11-02T17:40:22
AAPL,100,128.56,149.69,-2113.40,2025-03-23T23:08:16
AAPL,1,123.90,146.30,-22.40,2024-11-02T17:40:22
AAPL,100,184.26,151.45,3280.65,2025-03-23T23:08:16
AAPL,1,77.10,146.32,-69.22,2024-11-02T17:17:51
AAPL,1,157.20,152.24,4.96,2024-11-07T21:37:03
AAPL,1,121.40,146.30,-24.90,2024-11-02T17:40:22
AAPL,100,190.06,151.45,3860.65,2025-03-23T23:08:16
AAPL,1,125.90,146.30,-20.40,2024-11-02T17:40:22
AAPL,100,165.51,149.69,1582.25,2025-03-23T23:08:02
AAPL,1,123.30,146.30,-23.00,2024-11-02T17:40:22
AAPL,1,131.80,146.34,-14.54,2024-11-02T17:17:51
AAPL,1,118.20,146.34,-28.14,2024-11-02T17:17:51
AAPL,1,159.60,152.24,7.36,2024-11-07T21:37:03
AAPL,1,120.40,146.30,-25.90,2024-11-02T17:40:22
AAPL,100,122.46,149.69,-2723.40,2025-03-23T23:08:16
AAPL,1,122.20,146.30,-24.10,2024-11-02T17:40:22
AAPL,100,136.06,149.70,-1364.44,2025-03-23T23:08:16
AAPL,1,115.60,146.30,-30.70,2024-11-02T17:40:22
AAPL,100,131.06,149.69,-1863.40,2025-03-23T23:08:16
AAPL,1,76.90,146.32,-69.42,2024-11-02T17:17:51
AAPL,1,152.20,152.24,-0.04,2024-11-07T21:37:03
AAPL,1,118.20,146.30,-28.10,2024-11-02T17:40:22
AAPL,100,135.86,149.70,-1384.44,2025-03-23T23:08:16
AAPL,1,125.00,146.30,-21.30,2024-11-02T17:40:22
AAPL,1,134.90,146.34,-11.44,2024-11-02T17:17:51
AAPL,1,117.10,146.30,-29.20,2024-11-02T17:40:22
AAPL,100,136.86,149.70,-1284.44,2025-03-23T23:08:16
AAPL,1,114.00,146.34,-32.34,2024-11-02T17:17:51
AAPL,1,150.00,152.24,-2.24,2024-11-07T21:37:03
AAPL,1,118.90,146.30,-27.40,2024-11-02T17:40:22
AAPL,100,145.96,149.70,-374.44,2025-03-23T23:08:16
AAPL,1,127.10,146.30,-19.20,2024-11-02T17:40:22
AAPL,100,165.41,149.69,1572.25,2025-03-23T23:08:02
AAPL,1,122.50,146.30,-23.80,2024-11-02T17:40:22
AAPL,100,147.16,149.70,-254.44,2025-03-23T23:08:16
AAPL,1,68.60,146.32,-77.72,2024-11-02T17:17:51
AAPL,1,157.70,152.23,5.47,2024-11-07T21:37:03
AAPL,1,124.60,146.30,-21.70,2024-11-02T17:40:22
AAPL,100,165.91,149.69,1622.25,2025-03-23T23:08:02
AAPL,1,129.20,146.30,-17.10,2024-11-02T17:40:22
AAPL,1,123.70,146.30,-22.60,2024-11-02T17:40:22
AAPL,1,136.10,146.34,-10.24,2024-11-02T17:17:51
AAPL,1,114.20,146.34,-32.14,2024-11-02T17:17:51
AAPL,1,124.60,146.29,-21.69,2024-11-02T17:40:22
AAPL,1,125.60,146.30,-20.70,2024-11-02T17:40:22
AAPL,1,124.70,146.34,-21.64,2024-11-02T17:17:51
AAPL,1,132.70,146.34,-13.64,2024-11-02T17:17:51
AAPL,100,185.30,153.82,3148.08,2025-03-25T20:56:55
AAPL,1,106.80,146.32,-39.52,2024-11-02T17:17:51
AAPL,100,189.60,153.82,3578.08,2025-03-25T20:56:55
AAPL,1,99.30,146.33,-47.03,2024-11-02T17:17:51
AAPL,1,134.00,146.34,-12.34,2024-11-02T17:17:51
AAPL,1,127.70,146.30,-18.60,2024-11-02T17:40:22
AAPL,100,181.40,153.82,2758.08,2025-03-25T20:56:55
AAPL,1,132.10,146.34,-14.24,2024-11-02T17:17:51
AAPL,1,131.30,146.30,-15.00,2024-11-02T17:40:22
AAPL,1,132.20,146.30,-14.10,2024-11-02T17:40:22
AAPL,100,185.20,152.97,3223.29,2025-03-25T20:56:55
AAPL,1,115.80,146.34,-30.54,2024-11-02T17:17:51
AAPL,1,154.10,152.24,1.86,2024-11-07T21:37:03
AAPL,1,139.40,146.30,-6.90,2024-11-02T17:40:22
AAPL,100,188.30,152.97,3533.29,2025-03-25T20:56:55
AAPL,1,74.70,146.31,-71.61,2024-11-02T17:17:51
AAPL,100,145.24,151.45,-621.22,2025-03-23T23:08:33
AAPL,1,144.10,146.30,-2.20,2024-11-02T17:40:22
AAPL,100,155.94,151.55,438.10,2025-03-23T23:08:33
AAPL,1,129.50,146.30,-16.80,2024-11-02T17:40:22
AAPL,1,156.90,152.24,4.66,2024-11-07T21:37:03
AAPL,1,139.60,146.30,-6.70,2024-11-02T17:40:22
AAPL,100,154.29,151.50,278.22,2025-03-23T23:08:33
AAPL,1,102.00,146.33,-44.33,2024-11-02T17:17:51
AAPL,100,149.19,151.32,-213.56,2025-03-23T23:08:33
AAPL,1,140.60,146.30,-5.70,2024-11-02T17:40:22
AAPL,1,126.60,146.34,-19.74,2024-11-02T17:17:51
AAPL,1,116.00,146.34,-30.34,2024-11-02T17:17:51
AAPL,1,154.50,152.24,2.26,2024-11-07T21:37:03
AAPL,1,137.10,146.30,-9.20,2024-11-02T17:40:22
AAPL,100,150.19,151.45,-126.20,2025-03-23T23:08:33
AAPL,1,68.00,146.31,-78.31,2024-11-02T17:17:51
AAPL,100,158.64,151.44,720.02,2025-03-23T23:08:33
AAPL,1,133.10,146.30,-13.20,2024-11-02T17:40:22
AAPL,100,155.69,151.45,423.80,2025-03-23T23:08:33
AAPL,1,123.10,146.30,-23.20,2024-11-02T17:40:22
AAPL,1,134.70,146.34,-11.64,2024-11-02T17:17:51
AAPL,1,129.40,146.30,-16.90,2024-11-02T17:40:22
AAPL,100,166.00,151.26,1473.63,2024-11-02T17:41:01
AAPL,100,180.50,149.80,3069.81,2025-02-19T22:32:36
AAPL,1,119.20,146.34,-27.14,2024-11-02T17:17:51
AAPL,100,180.50,149.80,3069.81,2025-02-25T23:07:53
AAPL,100,167.15,151.38,1577.15,2024-11-02T17:41:01
AAPL,100,155.50,149.80,569.77,2025-03-23T22:54:44
AAPL,1,129.00,146.30,-17.30,2024-11-02T17:40:22
AAPL,100,155.89,149.82,606.62,2025-03-23T23:06:58
AAPL,100,165.50,151.38,1412.15,2024-11-02T17:41:01
AAPL,1,152.60,149.82,2.78,2025-03-23T23:07:39
AAPL,1,88.80,146.32,-57.52,2024-11-02T17:17:51
AAPL,1,147.50,149.82,-2.32,2025-03-23T23:07:39
AAPL,100,169.15,151.70,1744.96,2024-11-02T17:41:01
AAPL,1,146.60,149.82,-3.22,2025-03-23T23:07:39
AAPL,1,128.00,146.30,-18.30,2024-11-02T17:40:22
AAPL,1,153.00,149.82,3.18,2025-03-23T23:07:39
AAPL,100,168.80,151.74,1705.68,2024-11-02T17:41:01
AAPL,1,154.30,149.82,4.48,2025-03-23T23:07:39
AAPL,1,124.50,146.34,-21.84,2024-11-02T17:17:51
AAPL,1,152.90,149.82,3.08,2025-03-23T23:07:39
AAPL,100,167.65,151.74,1590.68,2024-11-02T17:41:01
AAPL,1,151.90,149.82,2.08,2025-03-23T23:07:39
AAPL,1,126.10,146.30,-20.20,2024-11-02T17:40:22
AAPL,1,158.00,149.82,8.18,2025-03-23T23:07:39
AAPL,100,168.90,151.91,1699.43,2024-11-02T17:41:01
AAPL,1,158.40,149.82,8.58,2025-03-23T23:07:39
AAPL,1,83.20,146.32,-63.12,2024-11-02T17:17:51
AAPL,1,139.60,149.82,-10.22,2025-03-23T23:07:39
AAPL,100,172.45,152.17,2027.91,2024-11-02T17:41:01
AAPL,1,139.40,149.82,-10.42,2025-03-23T23:07:39
AAPL,1,126.40,146.30,-19.90,2024-11-02T17:40:22
AAPL,1,147.70,149.82,-2.12,2025-03-23T23:07:39
AAPL,1,152.30,152.17,0.13,2024-11-02T23:29:41
AAPL,1,151.10,149.82,1.28,2025-03-23T23:07:39
AAPL,1,113.20,146.34,-33.14,2024-11-02T17:17:51
AAPL,1,148.50,149.82,-1.32,2025-03-23T23:07:39
AAPL,1,155.50,152.17,3.33,2024-11-02T23:29:41
AAPL,1,142.40,149.82,-7.42,2025-03-23T23:07:39
AAPL,1,128.60,146.30,-17.70,2024-11-02T17:40:22
AAPL,1,143.20,149.82,-6.62,2025-03-23T23:07:39
AAPL,1,154.40,152.17,2.23,2024-11-02T23:29:41
AAPL,1,149.10,149.82,-0.72,2025-03-23T23:07:39
AAPL,1,78.60,146.32,-67.72,2024-11-02T17:17:51
AAPL,1,147.70,149.83,-2.12,2025-03-23T23:07:39
AAPL,1,155.70,152.17,3.53,2024-11-02T23:29:41
AAPL,1,149.90,149.83,0.08,2025-03-23T23:07:39
AAPL,1,135.00,146.30,-11.30,2024-11-02T17:40:22
AAPL,1,145.90,149.83,-3.92,2025-03-23T23:07:39
AAPL,1,154.30,152.17,2.13,2024-11-02T23:29:41
AAPL,1,141.70,149.83,-8.12,2025-03-23T23:07:39
AAPL,1,125.10,146.34,-21.24,2024-11-02T17:17:51
AAPL,1,142.60,149.83,-7.22,2025-03-23T23:07:39
AAPL,1,162.70,152.17,10.53,2024-11-02T23:29:41
AAPL,1,139.40,149.83,-10.42,2025-03-23T23:07:39
AAPL,1,134.60,146.30,-11.70,2024-11-02T17:40:22
AAPL,1,134.40,149.83,-15.42,2025-03-23T23:07:39
AAPL,1,164.60,152.18,12.42,2024-11-02T23:29:41
AAPL,1,128.10,149.83,-21.72,2025-03-23T23:07:39
AAPL,1,82.20,146.32,-64.12,2024-11-02T17:17:51
AAPL,1,121.50,149.83,-28.32,2025-03-23T23:07:39
AAPL,1,158.00,152.18,5.82,2024-11-02T23:29:41
AAPL,1,119.50,149.83,-30.32,2025-03-23T23:07:39
AAPL,1,139.60,146.30,-6.70,2024-11-02T17:40:22
AAPL,1,120.00,149.83,-29.82,2025-03-23T23:07:39
AAPL,1,157.70,152.18,5.52,2024-11-02T23:29:41
AAPL,1,117.60,149.83,-32.22,2025-03-23T23:07:39
AAPL,1,118.20,146.34,-28.14,2024-11-02T17:17:51
AAPL,1,120.20,149.83,-29.62,2025-03-23T23:07:39
AAPL,1,151.80,152.18,-0.38,2024-11-02T23:29:41
AAPL,1,120.10,149.83,-29.72,2025-03-23T23:07:39
AAPL,1,134.80,146.30,-11.50,2024-11-02T17:40:22
AAPL,1,121.80,149.83,-28.02,2025-03-23T23:07:39
AAPL,1,151.30,152.18,-0.88,2024-11-02T23:29:41
AAPL,1,130.90,149.83,-18.92,2025-03-23T23:07:39
AAPL,1,79.10,146.32,-67.22,2024-11-02T17:17:51
AAPL,1,128.70,149.83,-21.12,2025-03-23T23:07:39
AAPL,1,143.80,152.18,-8.38,2024-11-02T23:29:41
AAPL,1,112.60,149.82,-37.22,2025-03-23T23:07:39
AAPL,1,137.80,146.30,-8.50,2024-11-02T17:40:22
AAPL,1,108.10,149.82,-41.72,2025-03-23T23:07:39
AAPL,1,150.60,152.18,-1.58,2024-11-02T23:29:41
AAPL,1,112.70,149.82,-37.12,2025-03-23T23:07:39
AAPL,1,125.40,146.34,-20.94,2024-11-02T17:17:51
AAPL,1,115.20,149.82,-34.62,2025-03-23T23:07:39
AAPL,1,149.50,152.18,-2.68,2024-11-02T23:29:41
AAPL,1,117.20,149.82,-32.62,2025-03-23T23:07:39
AAPL,1,140.60,146.30,-5.70,2024-11-02T17:40:22
AAPL,1,119.40,149.82,-30.42,2025-03-23T23:07:39
AAPL,1,157.00,152.18,4.82,2024-11-02T23:29:41
AAPL,1,120.90,149.82,-28.92,2025-03-23T23:07:39
AAPL,1,80.10,146.32,-66.22,2024-11-02T17:17:51
AAPL,1,113.50,149.81,-36.31,2025-03-23T23:07:39
AAPL,1,155.90,152.18,3.72,2024-11-02T23:29:41
AAPL,1,112.60,149.81,-37.21,2025-03-23T23:07:39
AAPL,1,141.00,146.30,-5.30,2024-11-02T17:40:22
AAPL,1,106.00,149.81,-43.81,2025-03-23T23:07:39
AAPL,1,187.60,152.19,35.41,2024-11-02T23:29:41
AAPL,1,107.20,149.81,-42.61,2025-03-23T23:07:39
AAPL,1,116.60,146.34,-29.74,2024-11-02T17:17:51
AAPL,1,104.20,149.81,-45.61,2025-03-23T23:07:39
AAPL,1,178.50,152.19,26.31,2024-11-02T23:29:41
AAPL,1,101.80,149.81,-48.01,2025-03-23T23:07:39
AAPL,1,130.90,146.30,-15.40,2024-11-02T17:40:22
AAPL,1,103.70,149.81,-46.11,2025-03-23T23:07:39
AAPL,1,181.40,152.19,29.21,2024-11-02T23:29:41
AAPL,1,96.50,149.81,-53.31,2025-03-23T23:07:39
AAPL,1,76.80,146.32,-69.52,2024-11-02T17:17:51
AAPL,1,95.40,149.81,-54.41,2025-03-23T23:07:39
AAPL,1,183.70,152.19,31.51,2024-11-02T23:29:41
AAPL,1,91.90,149.81,-57.91,2025-03-23T23:07:39
AAPL,1,136.70,146.30,-9.60,2024-11-02T17:40:22
AAPL,1,86.80,149.81,-63.01,2025-03-23T23:07:39
AAPL,1,194.20,152.20,42.00,2024-11-02T23:29:41
AAPL,1,86.40,149.81,-63.41,2025-03-23T23:07:39
AAPL,1,129.40,146.34,-16.94,2024-11-02T17:17:51
AAPL,1,87.70,149.81,-62.11,2025-03-23T23:07:39
AAPL,1,194.50,152.21,42.29,2024-11-02T23:29:41
AAPL,1,84.60,149.81,-65.21,2025-03-23T23:07:39
AAPL,1,136.50,146.30,-9.80,2024-11-02T17:40:22
AAPL,1,78.80,149.81,-71.01,2025-03-23T23:07:39
AAPL,1,196.20,152.21,43.99,2024-11-02T23:29:41
AAPL,1,76.20,149.81,-73.61,2025-03-23T23:07:39
AAPL,1,72.90,146.32,-73.42,2024-11-02T17:17:51
AAPL,1,78.40,149.81,-71.41,2025-03-23T23:07:39
AAPL,1,195.80,152.21,43.59,2024-11-02T23:29:41
AAPL,1,71.80,149.81,-78.01,2025-03-23T23:07:39
AAPL,1,135.40,146.30,-10.90,2024-11-02T17:40:22
AAPL,100,143.21,149.57,-636.11,2025-03-23T23:08:02
AAPL,1,188.40,152.21,36.19,2024-11-02T23:29:41
AAPL,100,145.61,149.57,-396.11,2025-03-23T23:08:02
AAPL,1,120.00,146.34,-26.34,2024-11-02T17:17:51
AAPL,100,146.61,149.57,-296.11,2025-03-23T23:08:02
AAPL,1,189.50,152.21,37.29,2024-11-02T23:29:41
AAPL,100,150.51,149.57,93.89,2025-03-23T23:08:02
AAPL,1,130.80,146.30,-15.50,2024-11-02T17:40:22
AAPL,100,150.31,149.57,73.89,2025-03-23T23:08:02
AAPL,1,186.70,152.21,34.49,2024-11-02T23:29:41
AAPL,100,153.91,149.57,433.89,2025-03-23T23:08:02
AAPL,1,75.10,146.32,-71.22,2024-11-02T17:17:51
AAPL,100,161.91,149.57,1233.89,2025-03-23T23:08:02
AAPL,1,184.10,152.21,31.89,2024-11-02T23:29:41
AAPL,100,163.01,149.57,1343.89,2025-03-23T23:08:02
AAPL,1,128.40,146.30,-17.90,2024-11-02T17:40:22
AAPL,100,162.71,149.57,1313.89,2025-03-23T23:08:02
AAPL,1,181.90,152.21,29.69,2024-11-02T23:29:41
AAPL,100,162.51,149.57,1293.89,2025-03-23T23:08:02
AAPL,1,125.90,146.34,-20.44,2024-11-02T17:17:51
AAPL,100,165.61,149.57,1603.89,2025-03-23T23:08:02
AAPL,1,184.30,152.21,32.09,2024-11-02T23:29:41
AAPL,100,171.81,149.57,2223.89,2025-03-23T23:08:02
AAPL,1,130.60,146.30,-15.70,2024-11-02T17:40:22
AAPL,100,172.41,149.57,2283.89,2025-03-23T23:08:02
AAPL,1,188.70,152.21,36.49,2024-11-02T23:29:41
AAPL,100,170.51,149.60,2091.44,2025-03-23T23:08:02
AAPL,1,69.90,146.32,-76.42,2024-11-02T17:17:51
AAPL,100,158.41,149.70,871.49,2025-03-23T23:08:02
AAPL,1,194.70,152.21,42.49,2024-11-02T23:29:41
AAPL,100,158.41,149.70,871.49,2025-03-23T23:08:02
AAPL,1,126.80,146.30,-19.50,2024-11-02T17:40:22
AAPL,100,166.81,149.70,1711.49,2025-03-23T23:08:02
AAPL,1,191.30,152.21,39.09,2024-11-02T23:29:41
AAPL,100,169.41,149.70,1971.49,2025-03-23T23:08:02
AAPL,1,107.20,146.33,-39.13,2024-11-02T17:17:51
AAPL,100,168.71,149.70,1901.49,2025-03-23T23:08:02
AAPL,1,192.70,152.23,40.47,2024-11-02T23:29:41
AAPL,100,153.01,149.69,332.25,2025-03-23T23:08:02
AAPL,1,130.70,146.30,-15.60,2024-11-02T17:40:22
AAPL,100,154.81,149.69,512.25,2025-03-23T23:08:02
AAPL,1,200.70,152.23,48.47,2024-11-02T23:29:41
AAPL,100,158.21,149.69,852.25,2025-03-23T23:08:02
AAPL,1,73.00,146.32,-73.32,2024-11-02T17:17:51
AAPL,100,159.81,149.69,1012.25,2025-03-23T23:08:02
AAPL,1,199.90,152.23,47.67,2024-11-02T23:29:41
AAPL,1,157.90,152.24,5.66,2024-11-07T21:37:03
AAPL,100,150.39,151.32,-93.09,2025-03-23T23:08:33
AAPL,1,119.60,146.30,-26.70,2024-11-02T17:40:22
AAPL,100,147.09,151.45,-436.22,2025-03-23T23:08:33
AAPL,1,127.20,146.29,-19.09,2024-11-02T17:40:22
AAPL,1,75.10,146.31,-71.21,2024-11-02T17:17:51
AAPL,1,128.00,146.34,-18.34,2024-11-02T17:17:51
AAPL,1,107.60,146.33,-38.73,2024-11-02T17:17:51
AAPL,100,131.70,146.66,-1496.30,2024-11-02T17:40:50
AMZN,12,400.00,350.00,600.00,2025-05-27T22:55:50
GOOGL,5,2500.00,2550.00,-250.00,2024-04-02T10:45:00
MSFT,1,292.20,302.48,-10.28,2025-02-15T23:57:27
MSFT,1,294.20,302.48,-8.28,2025-02-15T23:57:27
MSFT,1,297.60,302.48,-4.88,2025-02-15T23:57:27
MSFT,1,310.00,302.22,7.78,2025-02-15T23:57:27
MSFT,1,305.70,302.22,3.48,2025-02-15T23:57:27
MSFT,1,306.40,302.22,4.18,2025-02-15T23:57:27
MSFT,1,306.90,302.22,4.68,2025-02-15T23:57:27
MSFT,1,304.50,302.22,2.28,2025-02-15T23:57:27
MSFT,1,303.00,302.22,0.78,2025-02-15T23:57:27
MSFT,1,306.80,302.22,4.58,2025-02-15T23:57:27
MSFT,1,307.60,302.22,5.38,2025-02-15T23:57:27
MSFT,1,309.50,302.22,7.28,2025-02-15T23:57:27
MSFT,1,311.30,302.22,9.08,2025-02-15T23:57:27
MSFT,1,299.10,300.70,-1.60,2025-02-15T23:57:27
MSFT,1,294.30,300.70,-6.40,2025-02-15T23:57:27
MSFT,1,296.20,300.70,-4.50,2025-02-15T23:57:27
MSFT,1,291.30,300.70,-9.40,2025-02-15T23:57:27
MSFT,1,291.10,300.70,-9.60,2025-02-15T23:57:27
MSFT,1,293.20,300.70,-7.50,2025-02-15T23:57:27
MSFT,1,289.80,300.70,-10.90,2025-02-15T23:57:27
MSFT,1,294.50,300.70,-6.20,2025-02-15T23:57:27
MSFT,1,295.40,300.70,-5.30,2025-02-15T23:57:27
MSFT,1,298.80,300.70,-1.90,2025-02-15T23:57:27
MSFT,1,295.70,300.70,-5.00,2025-02-15T23:57:27
MSFT,1,286.70,300.59,-13.89,2025-02-15T23:57:27
MSFT,1,284.70,300.59,-15.89,2025-02-15T23:57:27
MSFT,1,281.90,300.59,-18.69,2025-02-15T23:57:27
MSFT,1,277.20,300.59,-23.39,2025-02-15T23:57:27
MSFT,1,279.60,300.59,-20.99,2025-02-15T23:57:27
MSFT,1,279.50,300.59,-21.09,2025-02-15T23:57:27
MSFT,1,284.40,300.59,-16.19,2025-02-15T23:57:27
MSFT,1,289.00,300.59,-11.59,2025-02-15T23:57:27
MSFT,1,284.20,300.59,-16.39,2025-02-15T23:57:27
MSFT,1,284.20,300.59,-16.39,2025-02-15T23:57:27
MSFT,1,284.30,300.59,-16.29,2025-02-15T23:57:27
MSFT,1,280.00,300.59,-20.59,2025-02-15T23:57:27
MSFT,1,282.10,300.59,-18.49,2025-02-15T23:57:27
MSFT,1,281.10,300.59,-19.49,2025-02-15T23:57:27
MSFT,1,286.00,300.59,-14.59,2025-02-15T23:57:27
MSFT,1,291.00,300.59,-9.59,2025-02-15T23:57:27
MSFT,1,288.60,300.59,-11.99,2025-02-15T23:57:27
MSFT,1,288.60,300.59,-11.99,2025-02-15T23:57:27
MSFT,1,292.00,300.59,-8.59,2025-02-15T23:57:27
MSFT,1,290.90,300.59,-9.69,2025-02-15T23:57:27
MSFT,1,295.80,300.59,-4.79,2025-02-15T23:57:27
MSFT,1,299.50,300.59,-1.09,2025-02-15T23:57:27
MSFT,1,296.00,300.59,-4.59,2025-02-15T23:57:27
MSFT,1,300.70,300.59,0.11,2025-02-15T23:57:27
MSFT,1,302.40,300.59,1.81,2025-02-15T23:57:27
MSFT,1,298.10,300.59,-2.49,2025-02-15T23:57:27
MSFT,1,299.20,300.59,-1.39,2025-02-15T23:57:27
MSFT,1,302.50,300.59,1.91,2025-02-15T23:57:27
MSFT,1,311.20,300.40,10.80,2025-02-15T23:57:27
MSFT,1,307.70,300.40,7.30,2025-02-15T23:57:27
MSFT,1,303.60,300.40,3.20,2025-02-15T23:57:27
MSFT,1,305.90,300.40,5.50,2025-02-15T23:57:27
MSFT,1,303.60,300.40,3.20,2025-02-15T23:57:27
MSFT,1,304.30,300.40,3.90,2025-02-15T23:57:27
MSFT,1,304.60,300.40,4.20,2025-02-15T23:57:27
MSFT,1,307.30,300.40,6.90,2025-02-15T23:57:27
MSFT,15,400.00,297.42,1538.73,2025-05-27T22:44:08
MSFT,1,269.80,297.58,-27.78,2025-02-15T23:57:27
MSFT,1,267.70,297.58,-29.88,2025-02-15T23:57:27
MSFT,1,270.50,297.58,-27.08,2025-02-15T23:57:27
MSFT,1,265.70,297.58,-31.88,2025-02-15T23:57:27
MSFT,1,264.60,297.58,-32.98,2025-02-15T23:57:27
MSFT,1,262.50,297.58,-35.08,2025-02-15T23:57:27
MSFT,1,266.10,297.58,-31.48,2025-02-15T23:57:27
MSFT,1,269.20,297.58,-28.38,2025-02-15T23:57:27
MSFT,1,269.10,298.04,-28.94,2025-02-15T23:57:27
MSFT,1,271.40,298.04,-26.64,2025-02-15T23:57:27
MSFT,1,275.00,298.04,-23.04,2025-02-15T23:57:27
MSFT,1,272.40,298.04,-25.64,2025-02-15T23:57:27
MSFT,1,269.00,298.04,-29.04,2025-02-15T23:57:27
MSFT,1,275.60,299.74,-24.14,2025-02-15T23:57:27
MSFT,1,272.10,299.74,-27.64,2025-02-15T23:57:27
MSFT,1,273.40,299.74,-26.34,2025-02-15T23:57:27
MSFT,1,269.20,299.74,-30.54,2025-02-15T23:57:27
MSFT,1,268.00,299.74,-31.74,2025-02-15T23:57:27
MSFT,1,272.90,299.74,-26.84,2025-02-15T23:57:27
MSFT,1,270.80,299.74,-28.94,2025-02-15T23:57:27
MSFT,1,270.70,299.74,-29.04,2025-02-15T23:57:27
MSFT,1,272.10,302.39,-30.29,2025-02-15T23:57:27
MSFT,1,269.50,302.39,-32.89,2025-02-15T23:57:27
MSFT,1,272.20,302.39,-30.19,2025-02-15T23:57:27
MSFT,1,275.50,302.39,-26.89,2025-02-15T23:57:27
MSFT,1,271.00,302.39,-31.39,2025-02-15T23:57:27
MSFT,1,270.60,302.39,-31.79,2025-02-15T23:57:27
MSFT,1,269.30,302.39,-33.09,2025-02-15T23:57:27
MSFT,1,270.60,302.39,-31.79,2025-02-15T23:57:27
MSFT,1,275.40,302.39,-26.99,2025-02-15T23:57:27
MSFT,1,276.80,302.39,-25.59,2025-02-15T23:57:27
MSFT,1,276.40,302.39,-25.99,2025-02-15T23:57:27
MSFT,1,280.80,302.39,-21.59,2025-02-15T23:57:27
MSFT,1,280.00,302.39,-22.39,2025-02-15T23:57:27
MSFT,1,280.50,302.39,-21.89,2025-02-15T23:57:27
MSFT,1,284.90,302.39,-17.49,2025-02-15T23:57:27
MSFT,12,300.00,310.00,-120.00,2024-04-04T09:15:00
MSFT,1,289.00,302.39,-13.39,2025-02-15T23:57:27
MSFT,1,289.90,302.39,-12.49,2025-02-15T23:57:27
MSFT,1,296.60,302.48,-5.88,2025-02-15T23:57:27
MSFT,1,295.30,302.48,-7.18,2025-02-15T23:57:27
MSFT,1,292.40,302.48,-10.08,2025-02-15T23:57:27
MSFT,1,297.20,302.48,-5.28,2025-02-15T23:57:27
MSFT,1,296.60,302.48,-5.88,2025-02-15T23:57:27
MSFT,1,297.10,302.48,-5.38,2025-02-15T23:57:27
MSFT,1,294.00,302.48,-8.48,2025-02-15T23:57:27
MSFT,1,293.20,302.48,-9.28,2025-02-15T23:57:27
TSLA,8,700.00,680.00,160.00,2024-04-03T14:20:00

Aggregate Profit & Loss by Symbol
Symbol,Total P/L
TSLA,160.00
GOOGL,-250.00
AMZN,600.00
MSFT,-1.44
AAPL,272420.49

Overall Profit & Loss,272929.05
